Observation,Y-Kappa,ChipRate,BF-CMratio,BlowFlow,ChipLevel4 ,T-upperExt-2 ,T-lowerExt-2  ,UCZAA,WhiteFlow-4 ,AAWhiteSt-4 ,AA-Wood-4  ,ChipMoisture-4 ,SteamFlow-4 ,Lower-HeatT-3,Upper-HeatT-3 ,ChipMass-4 ,WeakLiquorF ,BlackFlow-2 ,WeakWashF ,SteamHeatF-3 ,T-Top-Chips-4 ,SulphidityL-4 
31-00:00,23.1,16.52,121.717,1177.607,169.805,358.282,329.545,1.443,599.253,,16.471,46.011,67.122,329.432,303.099,175.964,1127.197,1319.039,257.325,54.612,252.077,
31-01:00,27.6,16.81,79.022,1328.36,341.327,351.05,329.067,1.549,537.201,6.076,16.543,43.954,60.012,330.823,304.879,163.202,665.975,1297.317,241.182,46.603,251.406,29.11
31-02:00,23.19,16.709,79.562,1329.407,239.161,350.022,329.26,1.6,549.611,,16.559,44.495,61.304,329.14,303.383,164.013,677.534,1327.072,237.272,51.795,251.335,
31-03:00,23.6,16.478,81.011,1334.877,213.527,350.938,331.142,1.604,623.362,6.054,16.562,45.592,68.496,328.875,302.254,181.487,767.853,1324.461,239.478,54.846,250.312,29.02
31-04:00,22.9,15.618,93.244,1334.168,243.131,351.64,332.709,,638.672,6.11,16.677,45.512,70.022,328.352,300.954,183.929,888.448,1343.424,215.372,54.186,249.916,29.01
31-05:00,20.89,14.308,94.172,1327.832,251.12,351.263,332.485,1.522,631.514,,16.626,45.847,71.286,328.699,300.706,180.229,903.605,1323.082,232.729,54.503,250.084,
31-06:00,22.65,14.1,91.887,1307.852,288.989,352.321,331.162,1.468,625.549,6.143,16.62,45.797,71.298,329.662,301.539,179.886,837.178,1315.111,234.047,53.805,249.971,29.22
31-07:00,22.5,14.233,97.249,1346.9,330.325,352.687,328.894,1.48,591.827,,16.617,45.832,68.791,331.485,303.488,174.804,889.516,1317.912,226.319,52.546,250.414,
31-08:00,24.7,13.85,96.208,1334.892,362.511,352.372,327.358,1.515,553.172,6.199,16.625,45.541,64.249,332.264,305.419,166.12,909.81,1318.725,180.375,48.842,251.121,29.21
31-09:00,22.6,13.875,95.72,1351.24,383.731,347.683,322.363,1.48,541.728,,16.624,45.695,62.86,329.58,304.97,163.512,865.051,1319.664,118.24,45.992,251.284,
31-10:00,24.4,14.117,85.998,1330.104,394.234,348.089,319.027,1.429,540.558,6.209,16.661,45.258,62.179,329.831,302.652,163.258,827.107,1312.372,132.163,49.446,251.406,29.292
31-11:00,26.62,15.467,84.447,1334.255,386.971,349.392,321.021,1.428,531.25,,16.668,44.58,59.407,330.284,303.248,156.797,799.947,1299.782,118.901,46.597,251.721,
31-12:00,27.2,16.083,82.839,1332.331,366.855,350.094,327.439,1.486,527.893,6.19,16.669,44.541,60.271,330.023,302.883,160.562,771.158,1299.974,153.647,47.175,251.767,30.18
31-13:00,24.05,16.675,77.025,1284.386,246.336,350.317,329.24,1.538,537.811,,16.709,44.694,58.979,329.56,302.146,160.587,823.039,1300.545,372.228,51.74,251.492,
31-14:00,25.4,16.425,72.924,1197.775,118.821,350.765,329.799,1.635,585.011,6.197,16.794,45.547,65.474,329.773,302.884,175.646,756.154,1300.037,401.418,54.628,251.009,30.41
31-15:00,24.1,15.8,79.387,1203.375,52.241,352.311,333.573,,606.425,6.2,16.822,45.818,68.501,330.218,303.019,177.923,770.599,1317.016,413.772,54.871,251.752,30.42
31-16:00,17.4,15.158,87.057,1218.797,6.476,350.724,330.613,1.553,628.041,,16.822,45.367,68.633,328.218,300.495,178.152,781.992,1315.006,415.542,56.812,251.67,
31-17:00,17.8,14,92.772,1204.489,61.783,353.562,330.481,1.532,623.209,6.2,16.824,45.441,67.845,331.632,304.889,182.998,909.81,1295.843,415.118,52.502,252.733,30.77
31-18:00,20,12.983,100.073,1206.709,191.648,349.412,324.744,1.532,590.861,,16.822,45.329,64.274,329.17,304.827,172.555,778.228,1293.554,339.705,49.716,252.316,
31-19:00,20.3,12.058,89.523,1180.205,300.596,348.649,318.905,1.548,577.128,6.09,16.822,45.793,66.904,329.492,306.086,173.064,731.689,1291.897,291.689,47.304,252.438,29.46
31-20:00,20.8,13.183,84.397,1187.186,349.159,346.36,315.365,1.509,549.357,,16.822,45.904,64.559,328.581,304.018,164.25,724.161,1291.127,288.944,44.365,252.728,
31-21:00,23,14.067,88.383,1191.691,374.687,346.269,318.589,1.542,515.431,6.095,16.822,46.088,62.306,328.7,304.135,154.291,748.067,1292.154,294.32,40.427,252.733,29.2
31-22:00,22.7,13.483,89.578,1180.19,353.574,345.811,322.831,1.517,484.914,,16.822,45.541,56.411,327.425,303.109,142.87,718.668,1292.665,289.455,42.904,253.232,
31-23:00,21.4,12.875,92.564,1191.757,229.014,347.377,326.687,1.552,521.84,6,16.822,45.969,60.485,328.41,303.215,152.918,763.072,1293.557,291.099,49.835,252.072,29.53
1-00:00,20.7,12.573,96.141,1208.756,272.985,347.947,329.301,1.474,559.122,,16.822,45.613,65.342,329.249,305.094,162.495,738.125,1293.046,330.577,45.731,251.335,
1-01:00,18.9,12.542,94.741,1188.212,302.073,346.808,323.35,1.488,541.015,6.031,16.822,45.231,60.042,328.464,304.22,155.932,803.101,1293.109,377.297,46.899,251.792,29.64
1-02:00,21.35,12.467,94.28,1194.216,296.608,346.747,317.603,,518.788,6.04,16.822,46.588,63.272,328.447,303.695,153.744,910.522,1305.465,426.254,45.61,252.128,30.34
1-03:00,21.1,12.667,86.083,1182.201,295.825,346.228,310.421,1.432,507.502,,16.822,47.103,62.391,328.654,303.75,152.577,666.636,1310.026,427.336,46.053,252.026,
1-04:00,20.14,13.733,,,274.481,346.553,309.963,1.546,504.445,6.037,16.822,47.111,62.56,328.914,304.03,151.887,760.02,1300.479,436.406,46.632,252.133,30.07
1-05:00,24.15,14.533,72.015,1173.241,267.057,347.734,317.653,1.585,508.158,,16.859,47.013,62.413,329.28,304.563,155.296,818.026,1299.657,464.85,45.908,251.97,
1-06:00,16.1,16.292,68.645,1094.883,245.962,344.478,321.061,1.571,509.786,6.08,16.865,47.121,60.236,325.376,301.572,152.409,659.302,1030.21,468.414,48.747,252.169,30.94
1-07:00,12.48,15.95,77.543,1190.289,189.957,347.703,327.435,1.569,593.963,,18.498,46.501,62.682,325.075,298.997,160.651,941.04,896.926,715.715,53.588,250.765,
1-08:00,14.23,15.35,85.518,1171.604,198.538,344.014,325.195,1.436,628.245,6.02,18.55,46.201,65.225,322.103,298.517,165.814,826.243,907.641,595.875,52.807,249.58,30.34
1-09:00,13.49,13.7,98.186,1243.688,116.275,346.208,326.982,1.434,696.766,,18.555,47.019,72.989,322.982,296.08,182.018,784.281,929.527,201.272,58.118,248.741,
1-10:00,12.17,12.667,114.57,1253.584,188.043,350.765,332.17,1.44,683.41,6.068,18.552,46.949,76.147,328.278,302.245,162.915,537.597,984.72,51.967,53.475,249.036,30.23
1-11:00,12.81,10.942,114.567,1241.142,215.485,346.411,328.375,1.378,654.744,,18.473,46.205,70.261,323.855,300.942,172.085,486.938,989.378,51.412,47.804,250.373,
1-12:00,14.53,10.833,93.121,1202.818,339.119,342.535,324.194,1.258,601.694,6.049,18.447,45.057,63.969,322.04,299.894,146.584,602.04,838.948,48.632,41.508,251.63,30.65
1-13:00,18.45,12.917,84.483,1175.728,391.599,343.614,323.472,1.229,561.564,,18.448,44.884,64.834,321.563,297.095,161.452,596.446,889.171,47.408,38.283,252.337,
1-14:00,24.3,13.917,87.835,1190.889,390.14,341.081,320.888,1.346,492.543,6.058,18.354,43.83,54.213,319.974,295.58,136.052,663.228,995.42,47.068,35.51,252.662,30.21
1-15:00,27.1,13.558,83.117,1175.417,289.256,339.168,318.386,1.36,480.184,,18.353,43.745,48.568,318.228,294.85,131.537,744.659,996.046,118.899,41.985,253.45,
1-16:00,24.7,14.142,80.809,1171.734,104.205,340.222,319.779,1.367,562.988,6.103,18.353,44.9,61.146,318.922,295.046,159.875,734.588,997.246,239.941,45.045,252.459,30.44
1-17:00,22.3,14.5,84.884,1189.789,133.151,341.833,320.563,1.383,599.66,,18.383,45.664,63.191,319.396,295.715,169.02,780.009,994.807,0,44.493,251.716,
1-18:00,23.6,14.017,84.943,1189.913,224.176,341.61,321.956,1.434,586.588,6.054,18.396,45.715,62.809,318.821,296.005,162.546,741.2,996.419,0,47.162,252.001,29.97
1-19:00,23,14.008,80.199,1188.278,194.959,342.718,321.539,1.404,609.731,,18.402,46.549,63.954,318.712,296.115,170.457,740.895,995.675,30.028,49.905,251.66,
1-20:00,22,14.817,76.696,1220.75,228.285,343.42,321.58,1.492,624.583,6.089,18.404,46.579,64.661,319.586,297.159,172.581,796.285,994.925,400.079,48.084,251.37,30.44
1-21:00,21.5,15.917,75.129,1231.493,279.928,343.39,321.641,1.474,606.018,,18.353,45.783,62.001,319.516,296.955,165.28,791.758,996.295,420.506,46.153,251.624,
1-22:00,20.7,16.208,75.314,1220.714,250.234,343.197,321.132,1.475,599.914,6.089,18.352,45.041,61.019,319.353,296.842,161.274,618.774,995.344,490.574,47.427,251.879,29.99
1-23:00,19.2,15.736,80.975,1274.247,197.078,343.644,321.692,1.577,628.652,,18.352,45.049,64.06,319.501,296.922,164.721,682.528,996.502,233.945,50.544,251.64,
2-00:00,17.8,15.708,81.625,1282.194,186.236,346.299,323.116,1.561,664.611,6.066,18.251,45.348,66.848,319.853,297.387,170.228,722.687,997.741,0,53.741,251.243,30.3
2-01:00,17,15.067,87.395,1284.704,265.526,346.757,325.008,1.496,681.701,6.013,18.257,46.979,72.717,320.411,299.02,179.245,811.747,994.015,371.605,51.784,250.872,29.85
2-02:00,18.08,14.7,87.35,1284.04,296.951,345.964,324.286,1.422,666.748,,18.165,46.41,70.625,319.776,298.178,172.265,753.103,993.972,327.286,51.788,251.199,
2-03:00,19.53,14.7,86.95,1291.208,311.74,346.411,325.537,1.453,665.781,6,18.155,46.566,72.204,320.093,298.28,177.49,800.709,995.302,314.19,48.965,251.101,30.05
2-04:00,20.43,14.85,85.819,1288.719,329.008,348.446,325.191,1.457,634.45,,18.063,45.912,66.878,319.642,297.751,168.943,804.575,995.674,395.544,47.086,251.38,
2-05:00,20.8,15.017,80.738,1283.069,311.598,350.551,323.014,1.426,621.836,6.074,18.045,45.644,64.355,319.491,297.193,166.361,732.351,995.923,493.573,47.199,251.604,29.88
2-06:00,23.01,15.892,84.424,1275.502,307.254,350.684,322.353,1.424,619.547,,18.048,46.021,66.115,319.408,296.743,169.007,756.561,996.957,505.981,46.379,251.543,
2-07:00,22.38,15.108,76.453,1283.128,279.875,351.06,323.533,1.492,614.969,6.087,17.961,45.818,65.917,319.607,296.332,170.19,745.982,995.302,510.837,47.551,251.752,29.88
2-08:00,22.53,16.783,76.396,1281.536,269.496,351.64,324.093,1.556,622.751,,17.955,45.95,67.107,319.652,296.317,171.703,776.347,991.185,510.583,49.702,251.548,
2-09:00,20.74,15.708,79.89,1254.937,245.464,353.38,325.313,1.5,652.405,6.093,17.953,46.201,69.625,320.894,296.939,179.385,826.904,994.848,503.35,52.17,251.253,29.72
2-10:00,15.73,14.683,84.488,1240.563,212.441,354.49,326.178,1.399,665.781,,17.889,45.929,72.081,321.599,297.011,184.918,908.284,996.211,423.066,55.423,250.541,
2-11:00,18.86,13.55,91.876,1244.918,157.417,357.865,330.227,1.393,688.72,6.144,17.85,46.167,72.997,322.716,298.414,187.665,858.439,995.964,83.763,54.684,250.399,29.8
2-12:00,21.1,12.892,84.474,1228.396,256.643,353.227,325.863,,639.435,6.116,17.789,45.671,66.136,320.527,297.588,178.47,766.734,973.082,285.956,45.317,250.648,29.55
2-13:00,23.5,14.542,76.57,1239.153,311.633,351.935,324.204,1.321,601.948,,17.759,45.129,65.83,319.867,297.004,175.188,673.807,986.953,405.26,42.915,250.872,
2-14:00,24.7,16.183,72.611,1231.362,332.497,350.938,322.801,1.455,564.87,6.115,17.759,44.043,60.175,319.644,296.799,159.557,670.349,1013.14,461.896,39.376,251.426,29.35
2-15:00,25.4,16.958,74.405,1230.776,295.522,350.216,322.74,1.471,540.151,,17.754,42.822,52.962,318.913,295.843,146.914,727.366,1052.879,476.15,43.701,252.097,
2-16:00,23.5,16.542,80.093,1246.777,198.217,350.521,323.513,1.474,596.506,6.19,17.75,43.986,65.556,319.151,296.025,153.147,843.689,1092.75,419.893,48.904,251.345,30.39
2-17:00,23,15.567,79.765,1233.698,173.686,351.691,323.482,1.466,645.436,,17.759,45.657,69.762,319.533,296.292,176.193,799.794,1118.886,338.161,53.603,250.638,
2-18:00,21.8,15.467,79.303,1228.541,204.661,352.321,323.737,1.428,670.156,6.195,17.754,46.303,70.678,320.266,297.618,182.769,833.72,1122.17,414.797,53.493,250.424,29.91
2-19:00,22.3,15.492,75.395,1232.071,266.968,354.244,325.212,1.416,662.78,,17.711,45.883,70.978,322.028,299.212,189.268,776.143,1103.063,412.781,50.496,250.251,
2-20:00,23.3,16.742,73.689,1233.677,303.943,352.993,323.533,1.464,624.176,6.2,17.755,45.102,68.114,321.016,297.472,177.16,766.784,1128.702,448.512,47.535,250.719,29.84
2-21:00,21.4,16.482,74.496,1227.821,284.93,354,323.818,1.46,620.971,,17.754,46.746,66.619,321.598,296.957,173.191,792.281,1125.35,411.826,50.004,250.582,
2-22:00,21.5,16.817,78.969,1237.844,285.892,353.644,324.5,1.437,621.887,6.215,17.757,47.46,68.75,321.235,296.616,176.46,852.132,1141.946,344.089,52.043,250.678,29.7
2-23:00,18.13,16.825,84.836,1246.387,259.527,355.515,325.985,,662.577,6.16,17.759,48.312,72.407,321.904,296.185,186.165,810.272,1132.813,0,54.044,250.266,29.63
3-00:00,18.3,16.833,91.341,1236.911,287.397,356.787,327.856,1.54,661.532,,17.759,47.809,71.891,323.285,297.755,187.777,841.552,1144.876,0,53.897,250.212,
3-01:00,18.9,15.067,83.178,1245.584,106.11,362.677,330.216,1.48,676.106,6.211,17.798,46.345,71.263,324.407,297.655,186.241,707.326,1142.856,0,54,250.083,31.03
3-02:00,14.9,14.975,91.542,1240.39,49.527,359.086,325.242,1.466,674.072,,17.8,46.866,71.71,322.463,295.805,183.379,786.316,1111.074,0,54.958,250.032,
3-03:00,16.2,13.55,93.163,1199.476,145.933,360.134,325.11,1.437,665.934,6.226,17.797,46.362,70.2,323.619,299.095,185.122,846.13,1017.32,0,51.024,250.155,31.07
3-04:00,16.1,12.875,92.117,1236.216,268.214,357.194,320.715,1.3,609.985,,17.798,45.399,68.43,322.015,297.708,164.403,800.11,988.965,0,46.806,250.612,
3-05:00,20.6,13.42,80.236,1218.92,311.776,356.528,327.719,1.28,602.711,6.259,17.797,46.33,65.642,321.832,296.767,169.503,744.863,999.97,153.735,44.405,250.317,31.344
3-06:00,24.4,15.192,83.373,1242.951,369.311,354.919,326.66,1.364,552.917,,17.803,45.833,61.477,320.649,296.662,156.339,748.169,979.839,0,40.485,250.577,
3-07:00,26.5,16.3,75.411,1229.199,358.256,352.871,325.69,1.416,531.174,6.25,17.81,45.762,59.183,319.99,296.154,149.077,701.273,1026.333,259.773,42.596,250.775,31.91
3-08:00,23.2,16.7,73.381,1225.454,288.327,353.4,325.761,1.532,546.814,,17.806,45.719,60.071,319.983,295.603,150.092,784.624,1019.652,453.101,49.5,250.873,
3-09:00,24.2,16.458,75.625,1244.665,270.511,355.729,328.243,1.484,611.104,6.24,17.898,46.846,70.49,321.568,297.158,171.818,845.316,1037.773,405.866,47.239,250.185,32.02
3-10:00,19.08,15.8,80.737,1243.342,186.308,356.35,329.311,,645.741,6.21,17.91,47.57,71.339,321.393,296.042,177.948,847.3,1148.683,1.328,55.715,250.134,31.61
3-11:00,19.69,15.4,83.888,1242.249,220.164,358.465,331.407,1.381,676.569,,17.964,48.228,74.504,323.139,297.383,182.2,850.555,1097.623,0,55.181,249.984,
3-12:00,19.38,14.808,88.141,1246.467,277.329,357.52,330.745,1.407,638.519,6.25,17.271,48.456,74.828,323.218,299.259,183.086,824.157,1016.885,3.189,50.805,250.246,31.47
3-13:00,19.52,14.142,83.995,1234.024,290.876,355.292,329.413,1.347,599.66,,16.909,48.14,72.356,322.13,297.551,174.133,722.763,913.958,0,47.236,250.531,
3-14:00,18.48,14.692,83.875,1249.042,313.769,356.736,330.817,1.329,591.166,6.163,17.091,47.708,71.491,322.343,296.754,171.423,1004.109,873.657,290.629,51.299,250.236,31.33
3-15:00,21.19,14.892,85.79,1236.802,352.862,356.085,330.491,1.329,602.305,,17.905,47.492,69.36,321.658,296.514,164.008,977.966,879.501,115.097,47.532,249.432,
3-16:00,19.77,14.417,90.656,1257.845,342.359,355.068,329.331,1.368,585.418,6.24,17.904,47.056,67.387,321.513,296.9,162.24,900.655,975.961,1.328,48.394,249.478,31.13
3-17:00,20.05,13.875,91.706,1294.578,296.323,354.997,329.047,1.349,594.37,,17.905,47.47,68.73,321.93,296.716,159.951,922.119,961.813,123.205,49.403,249.173,
3-18:00,19.3,14.433,88.703,1280.284,275.798,362.372,329.83,1.31,590.301,6.198,17.98,47.437,71.715,322.412,297.129,159.08,952.229,898.374,503.813,50.711,248.954,31.41
3-19:00,23.19,14.775,86.705,1281.073,340.223,364.498,328.721,1.343,591.776,,17.994,47.573,68.816,321.531,296.887,164.365,980,861.028,461.79,47.09,249.173,
3-20:00,23.71,15.433,82.792,1277.76,342.858,364.508,328.355,1.474,576.212,6.165,17.995,47.054,66.395,321.396,296.667,158.387,969.726,893.16,389.143,47.404,249.539,31.64
3-21:00,23.5,15.2,83.738,1281.195,322.741,363.857,328.782,,601.135,6.227,18.183,46.782,67.824,321.185,296.981,162.953,966.776,996.708,142.531,48.223,248.817,31.45
3-22:00,21.5,15.3,85.534,1285.862,286.833,363.723,328.253,1.431,610.443,,18.201,46.911,68.18,320.737,296.52,163.69,949.89,995.799,11.116,52.505,248.822,
3-23:00,21.6,15.033,86.998,1284.668,280.871,364.976,329.189,1.4,633.229,6.194,18.2,46.764,71.008,321.979,298.587,167.277,859.354,995.551,194.496,50.608,248.751,31.49
4-00:00,23.3,14.767,83.991,1294.158,316.177,363.847,328.619,1.389,628.092,,18.199,47.04,70.337,321.193,297.726,167.201,921.508,995.924,379.158,50.458,248.847,
4-01:00,20.9,15.408,75.76,1277.817,327.156,363.928,329.128,1.356,629.771,6.236,18.2,47.489,71.649,321.499,297.111,170.597,867.289,1015.97,577.984,51.798,248.624,31.03
4-02:00,23.5,16.867,76.937,1284.849,334.17,364.132,329.25,1.551,620.208,,18.201,47.858,72.448,322.259,297.509,171.093,888.854,1019.068,603.462,50.394,248.435,
4-03:00,24.2,16.7,78.434,1287.619,344.674,362.799,328.935,1.553,606.119,6.23,18.199,48.066,71.263,321.226,297.391,167.074,940.124,1102.843,598.171,50.595,248.578,31.38
4-04:00,17.7,16.417,80.415,1287.981,283.826,363.959,329.097,1.538,627.583,,18.199,48.108,71.7,321.005,295.558,166.654,965.555,1118.225,556.742,55.284,248.359,
4-05:00,18,16.125,79.956,1289.283,66.082,367.427,332.322,1.431,686.279,6.22,18.287,48.628,75.067,322.399,295.44,177.999,930.359,1129.319,550.796,56.761,248.496,31.16
4-06:00,17.8,15.955,80.625,1286.329,156.721,368.872,333.146,1.484,679.413,,18.299,48.618,74.62,323.192,296.147,176.854,944.535,1124.246,421.427,55.49,248.812,
4-07:00,17.7,14.075,91.774,1291.721,167.936,367.234,332.21,1.449,671.122,6.22,18.206,48.6,74.579,322.913,297.103,175.226,949.28,1144.876,76.55,52.766,248.924,30.98
4-08:00,17.1,13.258,96.232,1285.492,202.472,365.698,330.257,,660.288,6.217,18.199,48.976,73.979,321.387,296.25,178.114,922.576,994.474,0,53.806,249.102,31.37
4-09:00,18.5,13.358,95.904,1281.919,225.252,365.596,330.511,1.294,652.932,,18.201,49.232,74.598,321.99,296.938,175.734,914.998,927.835,0,51.202,248.997,
4-10:00,19.95,13.367,98.838,1293.948,332.497,364.488,328.589,1.286,586.232,6.213,18.204,49.086,71.217,321.557,299.476,157.903,910.217,942.13,0,46.018,249.417,31.52
4-11:00,21.4,13.092,87.811,1296.683,324.45,362.311,325.507,1.201,562.835,,18.206,48.936,68.257,319.893,297.357,155.512,803.304,980.797,34.896,43.97,249.844,
4-12:00,22.8,14.767,77.912,1286.968,339.582,363.359,326.025,1.23,569.295,6.149,18.367,48.588,66.085,320.21,297.125,150.501,786.468,960.45,416.05,43.316,251.955,30.33
4-13:00,23.7,16.518,78.458,1277.55,342.11,363.287,325.232,1.433,571.686,,18.398,48.404,66.242,320.164,296.907,151.849,789.113,962.725,418.099,41.936,253.7,
4-14:00,24,16.283,76.717,1262.337,329.827,362.413,325.008,1.501,563.344,6.13,18.401,48.489,66.721,319.453,296.084,151.735,858.975,999.078,453.716,43.613,254.122,30.21
4-15:00,18.8,16.455,71.679,1191.663,195.725,359.473,326.503,1.48,625.396,,18.577,48.937,68.831,319.528,295.052,162.329,1007.466,1017.774,528.605,54.167,253.054,
4-16:00,17.8,16.625,78.367,1276.082,202.744,360.127,329.266,1.488,698.486,6.126,18.596,49.881,75.296,321.658,297.088,180.438,1017.333,1052.785,433.089,54.675,251.747,30.32
4-17:00,18.2,16.283,83.508,1288.104,234.284,359.412,328.67,1.534,692.687,,18.602,50.024,74.528,321.224,298.231,173.827,854.573,1174.267,62.077,50.653,252.474,
4-18:00,15.5,15.425,92.142,1289.992,124.655,357.601,326.656,1.627,685.114,6.14,18.599,50.658,75.974,319.57,296.014,163.066,764.699,1140.294,0,52.051,252.792,30.3
4-19:00,14.17,14,97.813,1296.018,41.057,359.34,328.212,1.54,701.08,,18.6,49.883,74.319,320.499,296.23,182.323,811.849,997.515,0,54.21,252.265,
4-20:00,17.43,13.25,100.322,1301.675,241.529,359.91,328.609,1.418,690.196,6.15,18.597,48.848,73.78,321.33,297.975,156.148,863.677,918.058,0,50.869,252.143,30.54
4-21:00,18.3,12.975,92.67,1276.523,325.519,358.415,327.409,1.234,653.015,,18.594,48.718,71.517,321.175,298.791,172.009,849.69,934.048,54.534,46.055,252.464,
4-22:00,20.55,13.775,88.829,1293.196,419.014,357.713,326.514,1.182,603.424,6.13,18.598,48.54,70.556,320.379,296.539,148.154,862.203,899.259,283.371,45.403,252.637,30.3
4-23:00,22.35,14.558,86.845,1293.985,402.245,358.486,327.277,1.221,578.298,,18.599,48.399,68.791,321.068,297.094,155.118,853.556,959.878,224.557,41.932,252.932,
5-00:00,25.56,14.9,84.953,1289.167,373.726,358.028,326.809,1.265,568.074,6.207,18.595,48.322,63.684,320.797,296.457,147.131,860.372,1014.646,149.973,43.781,252.652,31.796
5-01:00,24.29,15.175,85.006,1294.216,320.89,358.343,327.266,1.309,592.336,,18.594,48.754,67.921,320.908,296.201,155.093,895.67,1043.082,150.746,47.414,252.743,
5-02:00,25.3,15.225,82.03,1280.837,312.879,358.944,327.582,1.335,615.58,6.147,18.712,48.818,72.743,321.206,296.893,164.746,965.018,1043.596,213.414,49.987,251.192,30.595
5-03:00,21.88,15.614,81.35,1279.221,338.514,359.371,327.327,1.374,635.721,,18.796,48.586,72.163,321.381,298.083,168.269,1015.502,1038.527,206.235,49.214,251.106,
5-04:00,20.54,15.725,81.352,1288.755,317.081,360.798,327.891,1.378,652.608,6.171,18.83,48.736,72.265,321.066,297.332,169.223,1057.718,1059.223,202.14,51.86,250.917,30.831
5-05:00,20.1,15.842,81.953,1288.159,304.334,361.477,328.467,1.422,660.491,,18.902,49.092,72.895,321.837,297.522,171.754,1080.366,1068.905,201.619,52.815,250.75,
5-06:00,17.86,15.718,83.52,1295.945,280.017,362.931,329.464,1.439,670.061,6.184,18.902,49.477,74.47,322.398,296.594,180.196,1066.467,1103.372,208.015,53.858,251.032,30.788
5-07:00,19.9,15.517,84.422,1285.326,315.3,364.111,330.187,1.469,669.85,,18.97,49.556,73.643,323.151,296.358,168.791,1057.209,1111.638,171.26,53.419,250.989,
5-08:00,16.8,15.225,87.252,1297.566,280.48,364.549,328.599,,675.344,6.171,19.004,49.707,74.147,323.463,295.951,171.741,1107.84,1093.737,204.197,53.685,251.131,30.793
5-09:00,17,15.3,86.739,1293.193,306.545,363.568,329.25,1.458,674.738,,19.004,49.011,73.966,323.607,297.145,168.796,1059.614,1098.137,211.616,52.157,251.066,
5-10:00,19.1,14.758,86.334,1280.625,345.457,363.033,327.42,1.429,661.966,6.173,19.005,48.409,71.619,322.223,297.373,162.711,1020.08,1091.128,235.328,51.462,251.482,30.658
5-11:00,22.2,15.283,116.74,1305.544,381.197,362.447,327.168,1.353,658.508,,19.004,48.408,72.972,322.472,298.07,166.399,1226.277,1075.02,185.555,49.46,251.807,
5-12:00,21.44,15.483,84.586,1287.822,344.495,356.706,326.625,1.482,668.731,,19.26,48.795,73.287,322.282,295.368,168.994,1075.825,1130.605,201.929,52.166,249.865,
5-13:00,21.6,15.225,83.837,1292.488,338.941,356.177,325.201,1.498,652.608,6.175,19.296,48.634,72.87,322.118,297.661,162.38,1073.994,1153.335,201.956,49.873,250.531,30.711
5-14:00,18.64,15.417,81.563,1281.904,220.932,357.377,324.194,1.486,667.104,,19.341,48.582,72.153,321.477,295.596,171.105,1076.232,1153.547,195.651,53.022,250.663,
5-15:00,19.05,15.717,81.682,1290.579,239.625,359.412,325.385,1.503,681.447,6.17,19.457,48.3,73.002,322.368,295.601,171.258,985.053,1153.479,272.387,53.28,250.165,31.04
5-16:00,18.73,15.8,83.012,1285.176,277.293,359.249,326.015,1.552,678.497,,19.496,47.638,72.544,322.473,296.458,169.719,1007.79,1151.76,269.193,52.605,250.394,
5-17:00,18.81,15.482,83.409,1297.002,257.426,358.903,327.3,1.509,683.329,6.153,19.495,47.418,71.39,322.235,296.368,171.462,1015.299,1161.728,279.202,53.977,250.333,30.566
5-18:00,15.8,15.55,81.279,1285.565,244.627,359.04,329.133,1.558,694.519,,19.493,48.288,72.229,321.852,295.259,171.665,1014.791,1138.532,380.264,55.327,250.261,
5-19:00,17.9,15.817,82.199,1282.997,290.461,360.266,331.407,1.621,699.436,6.161,19.493,48.964,74.935,322.732,295.572,177.613,1004.109,1132.855,297.94,54.425,250.344,30.528
5-20:00,16.2,15.608,78.996,1283.677,311.322,359.096,330.664,1.571,684.337,,19.494,49.271,73.821,322.039,295.551,170.642,1037.597,1133.151,289.547,53.622,250.711,
5-21:00,16.7,16.25,79.768,1286.259,274.516,359.686,330.501,1.633,691.925,6.132,19.491,48.49,73.867,321.979,294.876,171.309,971.862,1126.428,289.993,54.573,250.699,30.546
5-22:00,14.8,16.125,81.645,1289.992,323.026,360.474,331.421,1.58,700.114,,19.489,48.437,74.096,322.21,294.366,172.555,950.195,1143.91,289.387,54.853,250.444,
5-23:00,16.8,15.8,91.179,1288.661,351.83,359.432,331.081,1.619,690.551,6.21,19.346,48.833,73.317,322.195,294.992,172.746,949.28,1144.151,102.033,54.87,250.582,30.38
6-00:00,15.3,14.133,92.536,1300.134,241.779,360.103,331,1.617,701.965,,19.292,49.15,74.536,322.206,294.446,179.869,897.349,1105.028,108.75,56.399,250.635,
6-01:00,15.8,14.05,108.104,1292.741,262.802,361.141,330.776,1.548,700.571,6.22,19.295,49.076,74.518,322.518,293.861,179.678,1090.372,1048.482,115.88,55.439,250.536,31.41
6-02:00,16.5,11.958,108.493,1282.021,323.56,360.958,331.173,1.46,686.076,,19.227,48.707,72.6,322.549,294.688,174.73,1052.428,1036.423,0.638,52.346,250.424,
6-03:00,18.4,11.817,87.893,1268.595,384.941,359.381,328.182,1.253,620.819,6.207,19.194,47.907,68.653,322.267,298.114,159.595,1013.265,985.213,0,46.75,250.958,31.6
6-04:00,21.5,14.433,79.939,1287.012,338.514,358.537,325.669,1.242,611.104,,19.195,47.71,66.502,321.977,296.164,149.802,992.309,967.64,1.328,43.179,250.953,
6-05:00,23.2,16.1,81.242,1283.626,340.045,357.163,324.449,1.501,536.489,6.22,19.193,47.137,60.968,321.448,295.154,146.406,1012.146,1040.654,0,40.838,252.286,31.66
6-06:00,26.02,15.8,79.293,1291.149,271.419,355.922,323.014,1.623,537.862,,19.195,47.373,60.49,320.845,293.856,141.382,1099.121,1128.464,220.444,45.761,251.543,
6-07:00,19.78,16.283,80.291,1290.006,197.719,358.333,325.1,1.492,628.143,6.12,19.291,47.721,67.361,321.174,293.312,160.638,1122.11,1120.951,309.598,54.99,250.74,30.79
6-08:00,19.22,16.067,81.045,1288.618,199.072,360.846,328.08,1.583,703.979,,19.302,48.007,72.321,321.93,293.552,175.811,1103.495,1138.627,261.159,56.213,250.007,
6-09:00,19.02,15.9,82.638,1292.604,218.707,362.036,330.491,1.546,695.383,6.14,19.206,47.821,74.131,322.848,294.929,174.603,1132.181,1145.09,278.136,54.438,250.063,32.84
6-10:00,16.12,15.642,81.822,1294.158,104.615,360.561,328.752,1.631,708.251,,19.133,47.387,72.254,321.73,294.261,174.4,1099.527,1145.089,280.91,55.486,250.211,
6-11:00,17.35,15.817,80.424,1284.11,63.911,361.202,330.145,1.591,704.233,6.155,19.148,46.964,72.722,322.656,295.148,175.455,1078.775,1134.439,281.897,53.362,250.022,30.305
6-12:00,15.03,15.967,81.685,1289.941,128.006,360.246,329.993,1.556,695.485,,19.307,46.871,70.871,322.392,295.757,171.207,1050.292,1126.439,282.788,52.344,250.083,
6-13:00,18.69,15.792,82.336,1285.124,105.54,359.788,329.403,1.532,686.94,6.19,19.3,47.054,69.772,321.931,295.444,166.616,1036.661,1126.588,284.877,52.481,250.048,30.16
6-14:00,17.3,15.608,84.865,1300.553,71.984,360.103,330.155,1.546,686.381,,19.202,47.148,70.205,322.037,294.924,171.309,1043.172,1117.408,237.808,53.592,250.032,
6-15:00,17.79,15.342,84.464,1295.815,101.126,359.076,330.339,1.586,688.822,6.14,19.196,47.663,71.868,321.778,294.727,175.277,985.697,1106.146,201.505,53.343,250.271,30.21
6-16:00,17.98,14.936,85.838,1282.114,132.492,358.374,330.522,1.596,691.67,,19.198,48.14,72.056,321.536,294.671,174.934,1045.631,1105.849,191.701,53.362,250.032,
6-17:00,19.32,13.933,92.873,1294.028,215.022,358.547,330.216,1.476,684.855,6.088,19.197,48.103,72.89,321.805,295.425,173.204,1092.915,1102.78,182.006,52.367,250.302,30.324
6-18:00,16.72,13.958,92.424,1295.482,282.313,357.367,328.813,1.404,677.988,6.089,19.201,46.953,70.606,320.947,294.5,166.972,1037.476,1080.11,300.083,52.037,250.032,29.933
6-19:00,20.07,14.017,92.022,1288.307,369.894,357.082,328.406,1.42,658.869,,19.114,46.34,68.4,320.833,297.377,161.332,1055.989,1066.416,279.993,49.307,249.751,
6-20:00,22.1,14,92.32,1297.863,346.952,354.59,326.076,1.356,619.751,6.13,19.106,46.058,65.795,319.782,296.444,152.523,970.438,1049.396,166.084,43.421,250.271,30.619
6-21:00,23.16,14.058,86.336,1301.516,317.365,355.098,324.805,1.335,619.75,,19.103,46.528,65.434,320.111,296.148,151.15,903.299,1067.173,205.541,44.576,250.394,
6-22:00,25.1,15.075,80.024,1281.051,343.214,354.905,325.323,1.377,618.276,6.18,19.105,46.976,59.783,320.077,295.551,157.611,901.062,1069.602,309.348,46.209,250.821,30.37
6-23:00,25.52,16.008,77.07,1285.782,338.656,355.149,325.669,1.462,619.954,,19.139,47.907,63.048,320.28,295.959,158.476,878.072,1069.102,264.774,46.03,250.724,
7-00:00,24.16,16.683,76.753,1280.487,267.235,355.892,327.226,1.678,621.684,6.145,19.179,48.008,64.686,320.424,295.821,159.735,900.706,1085.73,424.195,48.975,250.729,30.415
7-01:00,20.4,16.683,76.838,1254.38,199.766,356.899,328.609,1.621,659.068,,19.269,47.915,67.931,320.682,295.226,170.355,941.09,1093.449,473.274,55.217,250.79,
7-02:00,18.33,16.325,75.644,1234.263,158.626,358.079,330.166,1.65,700.063,6.13,19.289,48.317,73.429,320.512,293.925,177.287,863.677,1093.523,445.041,58.004,250.226,30.36
7-03:00,16.99,16.317,84.74,1230.147,170.464,359.503,332.017,1.584,723.561,,19.289,49.093,74.843,321.274,293.542,181.026,870.849,1118.268,289.171,58.299,249.885,
7-04:00,15.77,14.517,91.178,1243.059,169.592,359.808,332.637,1.588,731.394,6.135,19.288,48.454,74.091,321.767,293.451,183.506,746.032,1147.552,38.317,59.564,249.763,29.95
7-05:00,13.48,13.633,105.911,1232.975,169.841,360.093,332.841,1.486,715.372,,19.235,47.358,73.719,321.93,293.701,179.78,835.652,1066.626,58.873,58.69,249.188,
7-06:00,14.39,11.642,104.759,1244.014,198.128,361.416,333.614,1.466,717.305,6.13,19.186,48.4,74.93,323.022,294.487,185.172,846.029,970.157,84.701,56.733,249.982,30.54
7-07:00,18.04,11.875,102.457,1242.285,223.763,356.604,329.952,1.251,650.726,,19.192,47.204,70.963,321.385,297.691,156.046,923.95,886.286,43.873,50.948,250.597,
7-08:00,19.93,12.125,98.732,1233.323,270.386,353.542,326.992,1.3,613.139,6.108,19.161,47.143,69.045,319.779,296.94,163.067,973.388,1003.946,41.078,49.735,251.223,30.218
7-09:00,22.92,12.492,90.382,1181.29,301.86,351.05,323.594,1.236,540.964,,19.174,46.577,59.356,318.051,296.435,133.878,906.25,1093.11,43.508,45.527,251.757,
7-10:00,25.41,13.07,,,278.166,351.172,322.353,1.224,542.846,6.13,19.191,46.273,53.461,318.711,295.3,141.076,863.891,1091.979,43.288,48.221,252.042,30.18
7-11:00,24.17,13.75,,,283.738,351.135,321.765,1.306,559.529,,19.191,47.172,62.362,318.888,296.083,153.706,959.228,1093.035,41.454,47.759,250.862,
7-12:00,24.18,14.064,,,226.825,351.807,322.534,1.348,568.685,6.124,19.194,47.131,55.282,319.266,295.585,146.355,934.326,1093.351,39.037,50.132,250.465,29.88
7-13:00,23.83,14.227,,0,220.074,352.981,323.718,1.416,594.97,,19.262,47.925,62.476,321.062,296.846,158.196,977.152,1092.896,81.065,51.821,249.353,
7-14:00,21.56,13.85,,,208.603,353.791,324.605,1.377,622.253,6.052,19.349,48.216,65.1,319.838,296.933,162.714,1054.769,1093.344,203.44,53.163,249.036,29.92
7-15:00,19.02,13.845,,,200.064,355.8,325.547,1.362,639.526,,19.447,48.353,65.515,320.013,295.475,165.494,1074.263,1091.79,203.082,53.482,248.944,
7-16:00,19.46,14.467,,,183.323,356.777,326.31,1.428,651.767,6.118,19.494,48.668,67.219,320.086,294.877,167.048,1031.168,1092.96,178.637,54.201,248.547,29.53
7-17:00,20.05,13.95,,,177.994,356.716,325.924,,633.28,6.095,19.524,48.749,66.888,320.295,295.975,164.581,919.433,1109.266,0,53.057,248.796,30.28
7-18:00,19.9,13.51,,,135.472,356.462,326.086,1.426,636.341,,19.582,49.15,67.429,319.977,295.542,148.234,831.075,1091.67,2.955,53.299,249.124,
7-19:00,20.75,12.967,93.963,1194.181,180.202,357.385,326.355,1.424,653.473,6.073,19.581,48.855,68.084,320.344,295.57,165.84,944.202,1112.31,0,53.432,248.735,29.81
7-20:00,19.94,12.709,99.862,1232.462,201.208,357.875,324.805,1.478,642.944,,19.579,48.74,66.873,320.963,296.513,165.535,705.342,1094.412,87.201,51.043,248.822,
7-21:00,22.21,12.342,91.188,1186.963,243.359,361.581,325.371,1.447,611.877,6.11,19.092,48.324,66.382,323.43,295.814,157.677,661.041,1118.696,259.029,50.812,249.298,30.45
7-22:00,24.4,13.017,82.332,1177.34,244.093,364.569,326.534,1.418,572.754,,18.517,48.224,64.188,326.072,298.469,151.506,638.763,1118.444,228.211,47.216,249.473,
7-23:00,24.8,14.3,78.926,1190.47,245.643,365.586,331.63,1.468,543.235,6.11,18.046,48.004,64.783,326.293,296.859,150.357,702.291,1118.37,415.119,44.262,249.552,30.59
8-00:00,26.1,15.083,78.098,1168.219,233.376,366.604,332.953,1.534,524.18,,17.906,47.592,59.971,327.433,298.459,143.328,797.404,1176.439,497.742,46.377,250.287,
8-01:00,23.12,13.558,85.718,1162.192,160.708,366.939,333.634,1.691,549.611,5.919,17.906,47.71,63.877,327.126,298.789,152.307,728.586,1227.757,414.008,51.295,250.46,30.29
8-02:00,20.1,14.6,81.824,1194.629,111.789,367.916,334.835,1.712,595.286,,17.906,48.11,71.527,327.183,299.737,165.229,708.954,1251.064,489.156,51.655,251.528,
8-03:00,17.81,14.375,83.036,1193.646,111.753,367.377,333.37,1.71,642.588,5.89,17.979,48.222,72.265,326.828,299.157,170.52,746.643,1246.745,486.586,52.135,251.594,30.29
8-04:00,16.1,13.442,95.32,1206.594,182.284,369.106,333.807,,630.635,5.983,17.947,47.357,65.347,328.42,300.653,155.474,795.776,1275.295,344.339,50.736,250.979,30.271
8-05:00,18.3,12.658,97.095,1203.172,197.811,368.872,331.618,1.708,620.87,,17.912,47.826,70.505,328.291,300.146,162.228,751.424,1256.286,263.492,51.987,251.604,
8-06:00,16.9,14.183,101.469,1161.818,221.039,369.503,331.671,1.522,607.34,5.94,17.762,48.316,72.488,329.499,300.599,165.496,727.315,1254.303,304.613,51.717,251.63,29.9
8-07:00,17.6,14.855,93.86,1084.083,303.017,372.524,332.007,1.666,570.701,,17.556,48.125,68.317,331.764,303.786,155.932,626.353,1267.952,305.078,48.67,252.248,
8-08:00,21.4,14.956,87.255,1092.148,284.218,368.547,325.191,1.747,538.777,6,17.508,47.814,64.096,328.853,303.337,145.185,493.856,1249.336,307.808,43.257,252.937,29.43
8-09:00,15.88,14.517,85.569,1097.421,0,367.651,328.304,,583.282,5.95,17.474,48.768,72.254,327.365,302.14,167.913,801.879,1251.793,505.984,54.746,249.244,29.36
8-10:00,17.51,12.825,92.165,1094.463,0,370.845,331.742,1.629,608.82,,17.467,49.221,73.977,329.141,303.207,173.389,795.115,1237.067,405.953,60.733,248.83,
8-11:00,16.5,11.875,97.958,1084.886,0,380.662,333.706,1.623,613.376,6,17.415,48.114,71.917,329.429,303.773,174.069,709.869,1251.43,261.504,63.332,248.751,30.31
8-12:00,16.2,11.075,,,0,376.857,326.809,1.62,594.218,,17.346,47.164,69.004,330.088,306.61,167.811,,1223.783,,57.178,248.893,
8-13:00,16.7,,,,0,373.867,324.184,1.596,533.538,6.006,17.313,45.63,59.31,328.206,304.038,150.399,705.88,1145.549,481.277,50.671,250.683,29.252
8-14:00,16.05,13.114,,,0,,,1.648,500.376,,17.312,44.659,55.18,329.185,303.149,141.763,865.254,,491.514,47.943,251.696,
8-15:00,17.75,11.283,,,41.607,362.545,331.24,1.658,467.265,6.08,17.25,44.644,50.663,,,128.396,836.06,1195.731,418.192,,251.889,29.58
8-16:00,17.12,11.7,90.515,1189.517,,364.437,326.473,1.495,,,,,,328.64,301.676,,890.99,1241.487,388.452,53.654,,
8-17:00,19.2,14.183,85.406,1211.339,354.5,366.827,321.326,1.478,562.029,6.11,17.216,44.938,69.674,329.238,301.817,116.333,819.783,1247.445,282.044,50.032,248.39,30.21
8-18:00,22.09,14.617,88.304,1290.715,355.248,362.514,320.4,1.565,468.841,,17.161,45.348,55.724,327.59,301.406,137.146,804.779,1294.192,144.237,47.981,251.253,
8-19:00,24.13,14.15,91.197,1290.44,219.669,364.65,326.87,1.575,476.929,6.11,17.109,44.509,55.521,328.312,302.081,145.757,862.711,1301.713,134.728,53.498,251.035,30.13
8-20:00,19.6,14.3,86.985,1274.324,239.909,366.4,328.05,,560.343,6.12,17.106,46.119,67.901,328.896,303.061,167.862,742.32,1320.538,331.538,57.404,250.76,29.66
8-21:00,17.9,14.65,97.61,1292.517,285.696,368.231,326.849,1.528,574.178,,17.109,46.911,71.776,331.004,305.116,176.307,933.614,1303.225,410.61,55.62,251.055,
8-22:00,22.3,13.242,81.087,1253.469,299.795,369.828,332.648,1.662,563.039,6.135,17.109,46.068,66.548,331.427,305.347,164.67,663.686,1293.743,375.268,52.562,251.823,29.85
8-23:00,21.8,15.458,87.218,1302.456,211.729,366.726,328.345,1.604,561.666,,17.108,45.822,66.807,329.175,304.325,157.814,774.922,1293.809,491.544,55.824,252.118,
9-00:00,18,14.933,83.035,1295.345,236.402,369.869,332.882,1.675,578.501,6.13,17.108,45.616,68.399,331.873,305.709,170.457,729.248,1291.578,493.116,50.624,251.716,30.12
9-01:00,20.2,15.6,77.384,1265.665,299.581,367.875,333.258,1.581,537.506,,17.107,45.483,61.695,329.401,303.898,156.072,716.159,1292.917,491.182,52.914,252.601,
9-02:00,18.5,16.356,84.712,1293.269,167.847,368.17,332.627,1.689,606.323,6.14,17.108,46.906,68.023,329.719,304.627,176.218,783.01,1293.493,490.535,56.717,251.63,30.52
9-03:00,20.4,15.267,78.326,1294.983,295.683,370.757,337.012,1.66,588.572,,17.107,46.73,69.06,331.434,305.377,170.8,679.911,1315.346,487.086,53.133,251.548,
9-04:00,16.3,15.367,84.01,1290.954,174.06,368.74,329.677,1.648,606.679,6.13,17.065,46.573,71.888,329.404,303.486,165.179,858.439,1319.788,480.61,57.561,251.492,30.34
9-05:00,15.5,15.427,84.636,1305.709,194.568,370.154,328.823,1.675,634.874,,17.059,47.494,74.196,330.611,305.065,182.277,804.598,1321.781,470.223,56.364,250.819,
9-06:00,16.2,14.533,89.558,1301.573,267.787,369.879,327.704,1.623,593.811,6.13,17.026,47.625,73.155,331.063,305.413,174.069,931.782,1319.036,375.503,54.777,251.212,30.13
9-07:00,17.79,13.958,93.027,1300.047,286.515,371.136,327.124,,598.795,6.151,16.951,47.764,72.555,332.026,306.602,174.196,891.398,1319.413,114.067,52.332,251.416,30.57
9-08:00,16.94,13.975,92.824,1284.841,218.649,368.587,325.13,1.513,588.678,6.151,16.908,47.771,72.634,330.272,305.202,174.471,894.755,1318.726,149.118,53.081,251.716,30.57
9-09:00,20.24,13.842,93.617,1296.589,294.893,369.065,325.161,1.604,568.227,6.17,16.908,46.339,71.222,330.891,305.865,173.865,806.406,1320.349,134.57,48.982,252.123,30.25
9-10:00,21.31,13.85,85.448,1280.299,277.133,368.272,321.814,1.609,547.577,,16.91,45.925,65.907,330.428,305.068,164.504,794.352,1207.2,147.192,50.536,252.479,
9-11:00,24.12,14.983,87.836,1280.935,257.195,368.658,321.295,1.551,548.95,6.238,16.91,45.331,64.422,330.875,304.757,161.973,868.255,1321.412,115.828,49.669,252.423,30.21
9-12:00,20,14.817,86.315,1278.895,251.587,368.862,322.272,1.588,536.641,,16.911,45.38,63.501,330.271,304.171,160.689,839.162,1320.162,170.161,47.826,252.601,
9-13:00,20.6,14.142,91.753,1297.544,256.127,375.047,321.844,1.52,535.37,6.23,16.913,45.495,66.207,330.043,303.833,164.301,879.394,1319.599,142.545,50.253,252.453,30.39
9-14:00,23.13,15.058,84.362,1283.011,180.344,381.242,322.597,1.56,568.939,,16.912,46.016,68.19,330.59,304.797,172.352,848.622,1320.038,156.491,51.777,252.113,
9-15:00,21.2,15.417,85.108,1312.077,252.816,390.59,324.306,1.548,587.046,,16.911,46.726,59.241,330.872,305.108,153.732,809.051,1319.539,385.895,49.866,251.273,
9-16:00,21.8,14.475,89.66,1297.833,268.748,385.514,324.367,1.65,553.375,6.1,16.913,46.222,69.518,330.348,304.077,173.98,925.984,1319.664,334.114,52.176,252.357,30.01
9-17:00,18.64,14.133,97.318,1248.918,243.523,374.752,325.608,,589.03,,16.913,44.062,67.534,330.893,304.864,166.807,1016.622,1318.035,248.564,51.31,251.741,
9-18:00,20.44,12.833,94.864,1191.338,239.589,373.633,325.507,1.548,592.895,,16.911,45.123,68.699,330.933,305.157,168.358,951.416,1320.595,173.658,50.301,251.701,
9-19:00,19.8,12.558,94.352,1184.119,297.071,399.135,319.576,1.451,570.058,6.19,16.911,44.198,67.667,330.848,304.616,165.178,906.962,1311.177,25.494,50.528,252.092,30.7
9-20:00,23.01,12.55,90.842,1188.517,289.826,373.633,314.591,1.457,549.306,,16.858,44.079,66.446,330.226,304.686,160.841,887.125,1319.226,0.638,45.549,252.438,
9-21:00,24.32,13.083,88.91,1192.879,318.006,364.081,308.559,1.523,504.852,6.128,16.821,43.734,61.054,327.346,304.363,147.589,804.423,1320.225,0,43.725,253.176,31.13
9-22:00,25.75,13.417,85.451,1186.342,248.312,356.289,310.482,1.474,497.375,,16.822,43.627,58.247,328.092,304.093,144.218,828.328,1320.848,1.276,43.84,253.216,
9-23:00,23.22,13.883,89.165,1202.451,236.865,352.606,315.395,1.484,500.071,6.13,16.856,43.395,59.05,327.819,303.624,143.035,881.661,1320.164,174.332,45.793,253.156,31.56
10-00:00,22.62,13.486,83.33,1177.037,212.868,354.732,317.084,1.48,518.992,,16.906,43.914,59.524,327.923,303.385,148.644,851.318,1319.788,186.834,47.494,252.754,
10-01:00,24.81,13.8,85.33,1177.558,237.025,359.333,318.998,1.486,533.539,6.103,16.91,44.688,64.05,328.095,303.434,156.479,812.306,1319.799,301.566,47.217,252.52,31.26
10-02:00,22.3,13.473,87.663,1181.056,211.836,361.629,323.859,1.561,545.542,,16.91,45.018,63.12,328.897,303.664,159.366,880.504,1318.602,370.787,48.769,252.571,
10-03:00,23.23,13.408,87,1166.519,253.65,362.453,328.05,1.523,538.051,6.093,16.91,45.036,65.881,329.811,303.801,160.507,856.048,1318.977,305.345,48.037,252.549,30.99
10-04:00,21.18,12.625,94.382,1191.576,271.899,361.833,325.212,,550.018,6.076,16.968,45.218,65.881,329.662,304.268,157.496,974.609,1319.977,344.814,46.015,252.55,31.46
10-05:00,22.01,12.642,94.371,1193.009,268.617,361.416,321.519,1.472,540.072,,16.968,45.239,63.068,329.765,304.359,151.799,952.84,1335.995,345.647,46.422,252.637,
10-06:00,22.15,12.555,94.522,1186.677,256.127,360.113,314.622,1.482,533.996,6.049,16.968,45.371,64.02,329.868,304.311,156.046,979.381,1345.628,358.12,45.544,252.626,31.41
10-07:00,23.31,12.575,92.856,1185.77,270.439,359.828,310.5,,514.262,6.068,16.968,45.45,60.419,329.691,303.544,146.164,974.121,1344.445,208.241,44.764,253.064,30.67
10-08:00,23.56,12.77,90.98,1192.67,261.556,360.205,311.438,1.478,510.752,,16.968,45.436,60.459,329.969,303.624,145.528,937.988,1343.609,138.647,45.155,253.13,
10-09:00,23.9,13.109,94.739,1203.974,243.973,359.607,310.754,1.528,507.668,6.097,16.968,45.41,60.505,329.782,303.549,145.084,884.684,1344.64,263.584,46.437,253.075,30.91
10-10:00,23.52,12.708,91.957,1182.905,257.106,360.682,312.309,1.536,510.956,,17.036,45.588,61.273,329.85,303.662,149.706,940.54,1344.245,419.059,44.85,253.056,
10-11:00,22.88,13.058,90.864,1186.527,225.757,360.327,316.188,1.503,517.272,6.05,17.061,45.37,60.04,329.851,303.939,146.673,898.722,1344.346,439.608,46.053,252.985,30.82
10-12:00,21.42,12.808,92.43,1183.872,228.942,360.238,314.529,1.544,532.914,,17.117,45.54,63.434,330.501,304.296,154.436,928.731,1343.911,438.53,45.374,252.687,
10-13:00,23.67,12.483,94.919,1184.907,284.859,360.734,315.12,1.513,520.67,6.093,17.168,45.304,61.695,329.95,303.678,144.93,973.795,1345.998,439.382,44.248,252.804,30.93
10-14:00,21.13,12.958,93.656,1187.866,229.531,359.88,312.659,,529.368,6.085,17.166,45.732,62.626,329.95,303.956,152.282,945.21,1342.811,421.816,46.591,252.759,30.58
10-15:00,21.88,12.683,94.207,1193.284,262.037,360.327,314.317,1.476,521.687,,17.166,45.882,62.463,330.784,304.194,151.277,957.926,1344.402,439.806,45.09,252.835,
10-16:00,23.75,12.667,93.45,1178.252,276.955,347.286,310.97,1.523,513.956,6.068,17.165,45.954,61.141,330.117,304.006,148.174,1027.201,1357.271,381.643,45.264,252.947,30.86
10-17:00,23.67,12.608,89.506,1185.21,230.652,345.882,311.112,1.476,525.502,,17.163,45.977,62.972,330.133,304.291,152.562,930.664,1364.965,300.653,44.61,252.764,
10-18:00,21.35,13.242,94.924,1215.824,251.125,345.485,308.905,1.517,520.162,6.099,17.201,46.032,60.398,329.865,304.102,147.906,972.167,1362.245,219.321,45.439,252.835,31.22
10-19:00,22.97,12.808,91.662,1241.25,264.316,346.767,313.747,1.521,521.687,,17.209,46.354,61.812,330.418,304.253,149.318,938.191,1362.669,152.769,43.637,252.754,
10-20:00,21.33,13.542,87.902,1242.343,243.256,346.401,311.774,1.498,511.159,6.097,17.217,46.092,60.673,329.793,303.925,145.655,933.003,1364.422,392.4,47.262,252.82,30.59
10-21:00,22,14.133,87.813,1279.141,230.884,348.171,315.721,1.536,536.132,,17.212,45.904,63.954,331.778,306.011,152.612,953.653,1363.091,440.591,46.178,252.509,
10-22:00,21.33,14.292,89.791,1283.265,271.792,349.259,318.976,1.587,525.553,6.113,17.248,46.058,61.828,332.338,307.427,146.228,986.002,1375.245,392.864,48.921,252.693,31.08
10-23:00,20.34,14.455,89.281,1290.519,221.306,349.931,319.484,1.538,545.746,,17.256,46.499,66.237,332.746,308.448,156.275,985.817,1388.415,298.113,50.778,252.464,
11-00:00,20.07,14.267,90.302,1288.314,227.163,349.921,318.996,1.596,563.802,6.14,17.259,46.516,68.735,333.052,309.352,158.196,1050.801,1392.868,220.672,52.168,252.398,31.39
11-01:00,20.2,13.675,92.466,1296.842,311.954,350.999,320.451,,571.126,6.107,17.256,46.551,69.635,333.854,311.146,161.21,961.74,1395.767,363.682,51.75,252.275,31.56
11-02:00,19.91,14.025,90.34,1284.328,359.329,348.751,318.589,1.499,579.856,,17.257,46.684,70.403,332.019,309.845,161.914,977.66,1378.727,416.135,49.801,252.265,
11-03:00,20.35,14.217,90.137,1284.458,387.434,351.355,321.722,1.542,572.55,6.186,17.256,46.649,69.376,333.223,309.651,160.473,1005.432,1370.567,424.302,48.578,252.148,31.15
11-04:00,21.44,14.25,91.118,1293.11,375.4,349.849,318.721,1.568,547.373,,17.255,46.728,66.517,332.016,308.655,152.651,1018.554,1368.344,344.262,48.685,252.55,
11-05:00,21.25,14.192,91.907,1286.693,346.418,349.544,318.284,1.598,551.442,6.18,17.254,46.955,68.053,332.175,308.95,158.412,1038.187,1366.592,278.115,50.512,252.504,30.47
11-06:00,20.57,14,89.028,1283.489,334.651,350.317,318.559,1.503,563.547,,17.255,46.988,69.523,332.444,308.953,161.528,1021.606,1369.424,129.433,50.611,252.143,
11-07:00,22.74,14.417,88.088,1286.086,331.215,350.012,318.233,1.526,567.26,,17.256,47.241,70.764,332.468,309.419,162.291,990.614,1369.186,94.11,50.435,252.103,
11-08:00,23.36,14.6,84.981,1275.416,344.211,349.158,317.267,1.559,559.834,,17.258,47.029,69.131,332.161,309.854,159.493,843.282,1368.518,90.342,49.093,252.331,
11-09:00,23.17,15.542,82.392,1280.501,334.242,348.771,316.87,1.596,558.715,6.22,17.261,46.713,68.318,331.51,309.023,156.631,859.558,1367.96,300.409,49.837,252.626,30.48
11-10:00,23.49,15.642,82.027,1283.041,291.001,349.961,319.82,1.627,568.735,,17.255,46.502,68.363,332.019,309.014,160.371,920.593,1367.74,418.209,50.779,252.336,
11-11:00,22.7,15.517,83.008,1288.01,306.886,350.155,322.485,1.59,568.752,6.17,17.255,46.387,67.678,331.854,309.346,160.061,910.013,1381.389,441.934,51.466,252.216,29.59
11-12:00,20.31,15.125,91.165,1261.114,274.374,352.148,323.909,,607.442,6.267,17.258,47.21,73.745,333.016,309.978,172.263,1012.247,1382.538,361.762,53.678,251.594,30.31
11-13:00,21.19,13.833,88.977,1012.859,294.721,351.813,323.004,1.561,596.71,,17.189,47.294,71.654,332.624,308.833,169.376,971.252,1381.884,251.959,53.457,251.818,
11-14:00,21.27,11.383,84.165,981.92,342.858,352.315,322.292,1.553,592.539,6.25,17.167,47.383,73.134,333.596,310.487,171.004,940.938,1375.202,189.529,52.6,251.797,30.4
11-15:00,23.74,11.667,88.13,990.724,349.088,349.697,311.997,1.555,579.875,,17.167,47.661,72.092,332.637,309.538,168.574,973.897,1373.252,81.375,46.994,252.021,
11-16:00,24.41,11.242,80.458,954.092,365.583,342.403,302.669,1.556,546.509,6.236,17.166,47.361,68.806,328.581,306.169,157.026,734.945,1384.979,143.417,39.7,252.479,30.15
11-17:00,21.18,11.858,91.363,1001.95,301.468,342.525,298.499,1.588,461.975,,17.166,46.265,58.415,329.022,304.635,135.506,1008.585,1361.162,475.496,42.26,253.038,
11-18:00,20.37,10.967,99.982,998.153,302.251,344.295,305.08,1.604,471.537,6.261,17.166,46.894,57.26,330.293,304.958,136.358,1067.28,1346.973,237.346,40.713,252.545,30.4
11-19:00,20.2,9.983,102.237,1027.485,369.632,342.576,298.56,1.639,454.091,,17.166,46.861,54.259,328.976,304.282,130.177,1000.752,1361.314,3.88,41.85,252.565,
11-20:00,18.83,10.967,94.472,1036.043,314.321,340.338,287.705,1.515,473.012,6.259,17.164,46.954,56.395,330.224,305.311,136.167,922.424,1356.425,111.716,41.256,252.474,30.35
11-21:00,19.53,11.245,92.564,1040.922,384.977,342.79,284.633,1.368,444.58,,17.164,47.241,53.822,329.335,305.521,124.682,845.214,1301.95,209.575,39.368,252.479,
11-22:00,21.2,11.292,92.194,1041.02,388.538,341.538,297.247,1.457,405.111,6.304,17.166,47.381,51.192,328.289,305.824,113.922,838.094,1292.599,353.625,38.642,253.161,30.57
11-23:00,22.1,10.933,97.752,1038.618,333.743,343.695,305.528,,437.205,6.318,17.105,47.825,56.182,329.052,307.915,122.927,910.166,1294.447,386.579,39.162,253.796,30.75
12-00:00,22.5,10.625,89.193,1010.855,322.47,342.637,305.806,1.571,447.743,,17.15,47.786,58.147,330.078,307.162,130.474,848.433,1290.827,390.214,42.822,253.18,
12-01:00,19.9,11.333,87.405,1033.565,369.383,343.515,302.364,1.592,452.718,6.296,17.254,47.84,55.963,330.842,308.789,128.701,783.417,1293.108,390.049,41.596,252.428,30.73
12-02:00,21,11.825,90.949,1078.498,393.486,345.109,308.647,1.499,443.581,,17.255,47.916,55.516,330.234,308.253,126.221,820.75,1294.998,390.281,39.561,252.836,
12-03:00,22,11.858,93.199,1171.206,366.787,345.261,310.115,1.513,428.202,6.34,17.254,48.216,52.494,330.589,309.152,122.011,816.02,1294.891,391.607,42.08,253.206,30.24
12-04:00,19.5,12.567,96.937,1204.438,300.098,345.516,311.489,1.578,454.678,,17.254,47.82,58.135,330.093,307.904,121.49,918.355,1296.989,388.881,44.507,253.308,
12-05:00,19,12.425,92.905,1272.03,316.226,345.811,307.806,1.633,469.045,6.33,17.254,46.76,60.307,329.997,308.072,137.719,865.661,1292.216,391.645,44.33,253.323,30.31
12-06:00,19.2,13.692,95.157,1298.896,356.708,347.293,307.003,1.501,471.791,,17.254,47.075,58.089,329.527,307.095,132.975,914.133,1317.664,390.061,47.614,252.85,
12-07:00,20.5,13.358,97.662,1304.597,377.678,347.672,313.147,1.546,496.46,6.34,17.255,46.85,60.119,332.615,308.575,141.076,997.904,1334.703,389.497,46.206,252.423,30.43
12-08:00,20.4,14.233,89.79,1278.006,379.458,354.29,315.558,1.515,491.374,,17.254,46.895,60.424,331.98,308.078,140.301,975.016,1344.835,388.676,47.803,252.311,
12-09:00,20.9,15.167,84.64,1283.706,339.44,354.803,311.041,1.635,532.419,6.34,17.255,47.141,65.561,332.924,307.626,145.299,832.906,1344.708,388.911,49.524,251.833,30.29
12-10:00,24.98,,85.034,1278.345,368.564,357.723,321.387,,520.365,6.22,17.254,46.825,65.729,332.523,307.169,151.544,905.639,1344.469,418.979,48.135,251.614,30.47
12-11:00,21,,88.013,1307.722,278.842,357.438,323.757,,553.07,,17.254,46.531,65.795,331.263,306.4,157.954,908.691,1344.588,462.712,54.373,251.197,
12-12:00,21.4,,85.49,1255.986,273.484,361.365,322.689,,590.199,6.23,17.255,47.01,71.456,333.032,308.732,174.069,986.206,1348.747,457.313,53.194,251.324,30.46